"created_at","id","id_str","text","is_quote","retweet_count","favorite_count","reply_count"
2022-10-21 16:48:42,1583364640175947776,"1583364640175947778","親ガチャにも負けず、野次馬が騒いでる間に、皇族と結ばれてアメリカで弁護士になる。これがケイコムロ！",FALSE,97,1680,NA
2022-10-15 12:16:09,1581121722706976768,"1581121722706976768","親ガチャだからな、という若者の嘆きが聞こえる。親は選べないからな、ということ。政界をはじめ多くのジャンルで世襲化が進み、若い人が描く夢を窮屈にしている。それでもでっかく夢を描いて独立独歩を貫こう。みんな、それを待ってるぜ。",FALSE,45,470,NA
2022-10-15 07:57:32,1581056640849432576,"1581056640849432576","▼親のために、これほど苦しむ人がいるのか。両親が旧統一教会の会員で自身もかつて所属した小川さゆりさん（仮名）が先週、日本外国特派員協会で記者会見し、親の行き過ぎた信仰で苦しむ子らを救うため、法整備などを訴えた…

＜筆洗＞「親ガチャ」は最近流行の俗語で… https://t.co/KrlxcJq4Oc",FALSE,33,49,NA
2022-10-23 15:23:35,1584067997559582720,"1584067997559582720","名誉親ガチャ失敗民 https://t.co/oIPuBQ87S6",TRUE,0,0,NA
2022-10-23 15:19:30,1584066968638062592,"1584066968638062593","この手の親ガチャ失敗はキツい https://t.co/ueEMclIaY7",TRUE,0,0,NA
2022-10-23 15:19:08,1584066874404265984,"1584066874404265984","カフェで仕事してたら椅子にわざとベビーカーぶつけられて「見んじゃねーよ」って暴言吐かれた☺️
お前なんか誰も見てないし親ガチャ大失敗した子どもがかわいそう☺️",FALSE,0,0,NA
2022-10-23 15:12:02,1584065091556679680,"1584065091556679681","だから親ガチャは割りと深いところであるよなとは思うかな

学歴とかはまあ
うーん
学歴ねー、まあ。まあそうね。それはまあ。ある、か。あるしないみたいな。

そこよりそういう社会構造理解とかの話の方が親ガチャ度高い気はする",FALSE,0,0,NA
2022-10-23 15:06:54,1.584063798386e+18,"1584063798386003968","@ayumilky0617 @yuu_konnichiwa @unaginkou @sekiyangu @Chy3Mi @jibu_re_0925 @hello_reinapple @39_84_ @ni1r0a9d @_RIACOS_ @annas20046483 @piyoyo25pi @ruro321_mimi @naporitanmoriri @sa_usagiringo @natsu_42 俺はソクラテスより俺のが人生の真理について知ってるから。哲学者てほとんど親ガチャに恵まれたやつらだから親ガチャにめぐまれなかったことで味わう経験でわかる真理については皆無だから",FALSE,0,0,NA
2022-10-23 15:05:42,1584063494516662272,"1584063494516662272","親ガチャ大失敗 https://t.co/D77FyuW3Px",FALSE,195,2350,NA
2022-10-23 15:03:46,1584063009122447360,"1584063009122447361","@uU8y93ZoYRWtHH3 だから貴方自身の親も親ガチャ失敗てことでしょ？
貴方も大卒になりたかったから子に嫉妬してるか
学費が嫌なんでしょ？
18になる前に投資学を仕込めばよかった
大学行く学費を投資させれば
4年以内にはファイヤー出来るっしょ",FALSE,0,0,NA
2022-10-23 15:02:29,1584062684449808384,"1584062684449808384","こういうのを親ガチャっていうのよ
#ザ・ノンフィクション",FALSE,0,4,NA
2022-10-23 15:00:20,1584062143363633152,"1584062143363633152","@EruUpQfD8i0kLCa おっしゃりたい意味はわからなくもないですが……。
そもそも私は「親ガチャ」という言葉がキライです。「親ガチャがハズれた」って、ご両親に失礼なのでは？",FALSE,0,0,NA
2022-10-23 14:57:20,1584061390959960064,"1584061390959960064","とりあえず親ガチャと配属ガチャを一緒にすんなよ https://t.co/uA5FEwL78J",TRUE,0,0,NA
2022-10-23 14:55:23,1584060898875830272,"1584060898875830272","それぞれ苦労はあるのは分かるけどそもそも生まれた時点でレールから外れてたから親ガチャは大事だね、うん",FALSE,0,0,NA
2022-10-23 14:54:51,1584060767032442880,"1584060767032442882","ノンフィクション今年一胸糞やん…親ガチャ失敗どころじゃ無いやろもう…",FALSE,1,1,NA
2022-10-23 14:51:46,1584059988451897344,"1584059988451897344","虐待ですね…
親ガチャはずれってこれか https://t.co/8PAAyadBwE",TRUE,0,1,NA
2022-10-23 14:50:47,1584059742082588672,"1584059742082588672","ザノンフィクション見て、これが噂の『親ガチャ』となった。父親も内縁の妻も幸せになってほしくない、息子だけは必ず幸せになってほしい。",FALSE,0,2,NA
2022-10-23 14:49:28,1584059410980040704,"1584059410980040706","今日の回は親ガチャの教科書に載るやつです

#ノンフィクション
#ザノンフィクション
#ザ・ノンフィクション",FALSE,0,6,NA
2022-10-23 14:44:11,1584058080643338240,"1584058080643338240","@ayumilky0617 @yuu_konnichiwa @unaginkou @sekiyangu @Chy3Mi @jibu_re_0925 @hello_reinapple @39_84_ @ni1r0a9d @_RIACOS_ @annas20046483 @piyoyo25pi @ruro321_mimi @naporitanmoriri @sa_usagiringo @natsu_42 俺も留学とか、塾とか通える親ガチャの家で生まれたら人生楽にいきれた",FALSE,0,0,NA
2022-10-23 14:41:32,1584057413820649472,"1584057413820649472","親ガチャの極みだよこれ
なのに見捨てられないフジタさん
分かるよ
#ザノンフィクション
#ザ・ノンフィクション",FALSE,0,2,NA
2022-10-23 14:40:40,1584057196819599360,"1584057196819599361","親ガチャかなにか

#ノンフィクション
#アケアカ",FALSE,0,0,NA
2022-10-23 14:39:57,1584057014564421632,"1584057014564421632","@ayumilky0617 @yuu_konnichiwa @unaginkou @sekiyangu @Chy3Mi @jibu_re_0925 @hello_reinapple @39_84_ @ni1r0a9d @_RIACOS_ @annas20046483 @piyoyo25pi @ruro321_mimi @naporitanmoriri @sa_usagiringo @natsu_42 親ガチャに恵まれたやつらは弱者から搾取して贅沢してい生きて、親ガチャ外れた人間は奴隷みたいにはく奪されて生きる社会よりは、すべての人間が俺みたいに月3万で生活する社会のほうがましだわ。",FALSE,0,0,NA
2022-10-23 14:37:09,1584056312333074432,"1584056312333074432","1回300円で親ガチャと同じぐらいの確率で勝てるガチャがあるんですよ

”宝くじ”というんですけどね・・",FALSE,0,0,NA
2022-10-23 14:35:37,1584055923181760512,"1584055923181760512","@bozu_108 親ガチャ絶賛爆死",FALSE,0,0,NA
2022-10-23 14:34:48,1584055721209245696,"1584055721209245696","@bozu_108 親ガチャ大爆死で草",FALSE,0,3,NA
2022-10-23 14:34:45,1584055708055502848,"1584055708055502849","#ザノンフィクション 
#ザ・ノンフィクション 
お、#ゲーム芸人フジタ　さんじゃん！
みたろ！
って思ったら、
親ガチャ大失敗の激ハード人生で
親父と同級生の母親の内縁の妻にずっと人生滅茶苦茶にされてその親父が最近認知性発症して…で辛くなったので離脱…
強く生きて…",FALSE,0,3,NA
2022-10-23 14:34:04,1584055536957341696,"1584055536957341696","これが真の親ガチャ https://t.co/zaBLpVzmnS",TRUE,0,0,NA
2022-10-23 14:33:32,1.584055401087e+18,"1584055401087004672","親ガチャ終わり過ぎてる
こんな親死に際だけ都合よく面倒見る必要あるのか
 #ザ・ノンフィクション",FALSE,0,1,NA
2022-10-23 14:33:13,1584055320585768960,"1584055320585768960","まあ俺という人間親ガチャの（年収面的に）SSRだったから生きてるだけで，俺の収入で俺の遺伝子が遺伝した子を育てられる自信がゼロに近い．",FALSE,0,0,NA
2022-10-23 14:26:54,1584053731238490112,"1584053731238490112","@KenG0_G0 @Shiumai_quiz @pi_01300 @night_moooo @HIBIKINOPIO1 親ガチャ爆死",FALSE,0,8,NA
2022-10-23 14:24:31,1584053132291891200,"1584053132291891202","親ガチャ失敗って親から見たら子ガチャもある訳よな、てことは子ガチャ失敗もあるわけや",FALSE,0,0,NA
2022-10-23 14:24:11,1584053047227211776,"1584053047227211777","@ayumilky0617 @yuu_konnichiwa @unaginkou @sekiyangu @Chy3Mi @jibu_re_0925 @hello_reinapple @39_84_ @ni1r0a9d @_RIACOS_ @annas20046483 @piyoyo25pi @ruro321_mimi @naporitanmoriri @sa_usagiringo @natsu_42 親ガチャに恵まれてるやつはずるしてもいいて、ハラスメント文化の社会風潮を煽ってるようにしか見えん。世の中て公平な社会を目指すのではなく、ただの親ガチャがすべての社会をひけらかしてるだけだから",FALSE,0,0,NA
2022-10-23 14:17:36,1584051389566947328,"1584051389566947328","@ayumilky0617 @yuu_konnichiwa @unaginkou @sekiyangu @Chy3Mi @jibu_re_0925 @hello_reinapple @39_84_ @ni1r0a9d @_RIACOS_ @annas20046483 @piyoyo25pi @ruro321_mimi @naporitanmoriri @sa_usagiringo @natsu_42 親ガチャに恵まれて支援受けてるやつをスポットライトに照らしても、自力で他人に迷惑かけずにまじめに生きてる人間は相対的剥奪感で労働意欲削ぐだけだ。",FALSE,0,0,NA
2022-10-23 14:16:42,1584051165028708352,"1584051165028708352","親ガチャ外れたなと言いたいところだけど、そんなこと言ったら虐ii待されてる子もいるんやぞニキが現れるからやめとこ",FALSE,0,0,NA
2022-10-23 14:15:54,1584050964918460416,"1584050964918460416","親ガチャとかに共感できたり実家にいた時の暴力に怒れるほど若くはないけど全部水に流して普通に親の面倒見れるほど人としての器もできてないんだよな〜！！！！事故や事件起こされたら困るし面倒見るけど！！！！！！",FALSE,0,3,NA
2022-10-23 14:15:52,1584050955653644288,"1584050955653644289","@ponnpon0121 客観的に見て、
ミルクで育てる親を親ガチャ外したとは思わないが、
こんなダイレクトメール送るのが親だったら、大ハズレだと思う。",FALSE,0,1,NA
2022-10-23 14:15:31,1584050865698021376,"1584050865698021376","親ガチャってよく聞くけど誕生日にプレゼント貰った事一度も無いことなんて全然平気。でも何か一つでいいから習い事をさせてもらえるようなレベルの家庭に生まれたかった。",FALSE,0,16,NA
2022-10-23 14:09:54,1584049453157167104,"1584049453157167106","まじできつい
親ガチャNやんこんなの",FALSE,0,0,NA
2022-10-23 14:09:38,1584049386966765568,"1584049386966765568","@ayumilky0617 @yuu_konnichiwa @unaginkou @sekiyangu @Chy3Mi @jibu_re_0925 @hello_reinapple @39_84_ @ni1r0a9d @_RIACOS_ @annas20046483 @piyoyo25pi @ruro321_mimi @naporitanmoriri @sa_usagiringo @natsu_42 小室圭て親ガチャに恵まれてる上に国の税金まで支援してもらって人生楽に生きてる親ガチャがすべての典型例。国に支援してもらえなくて他人に迷惑かけないで受かった奴の方がまだ偉い。普段の行いが悪かった奴を恵まれた環境で受かって当たり前の試験受かったくらいで帳消ししようと言論操作するな",FALSE,0,0,NA
2022-10-23 14:09:17,1584049300039815168,"1584049300039815169","正直年齢も年齢だから親に何かやってもらうんじゃなくてやってもらったことを親に返す時期だと思ってるんだけど、それでもたまに「やってもらったことに対して私がやることの割が合わねえだろ！！」ってブチギレそうになる

かと言って親ガチャとか昔の虐待蒸し返したりする気分にもならないし難しい…",FALSE,0,2,NA
2022-10-23 14:09:14,1584049284986851328,"1584049284986851328","@mtdbth 地元の国立大学を卒業して都会で就職を考えなかったのはなぜ？

確かに都市部と地方の環境を比べたら地方はかなり不利（れいわでも都市部ボラが大きな顔してる原因はそこ）

でもこればっかりは仕方ない事なんだよね（親ガチャならぬ運命ガチャ？）",FALSE,0,0,NA
2022-10-23 14:08:09,1584049012310560768,"1584049012310560769","＃１：""親ガチャ""どうやって抜けだす!?…３年D組は問題の生徒だらけ!!  @ABEMA で無料配信中 https://t.co/Mi0vgY5ZHR",FALSE,0,0,NA
2022-10-23 14:07:53,1584048947110154240,"1584048947110154241","@fer_ayt たしかに現実世界だと親ガチャがデカイですよね…それ以上になにか強制力を持つシステムとなると、厳しい私立学校に入るとかですかね",FALSE,0,0,NA
2022-10-23 14:06:17,1584048543215415296,"1584048543215415297","親ガチャ",FALSE,0,2,NA
2022-10-23 14:05:42,1584048397085863936,"1584048397085863936","レストランで昼飯食ってたら横のファミリーの会話が聞こえて

幼稚園児くらいの男の子にこれから日本は貧しくなっていくから海外で仕事できる人にならないとダメよ的な説明をしてた😅

親ガチャ当たり引いたねって心で呟いてた🤣",FALSE,0,3,NA
2022-10-23 13:59:50,1584046920711872512,"1584046920711872513","@teacher_nichijo 親ガチャ",FALSE,0,1,NA
2022-10-23 13:56:36,1584046106400333824,"1584046106400333824","@winoji 中国では実力よりコネのほうがよほど大事。
コネと言えば親ガチャを連想してしまう。だってコネってほとんど親から受け継いだもの。
私のような、親ガチャも国ガチャも外れた、底辺社会に置かれた中国人なんて幾ら頑張っても空振りになる可能性大。
だからこそ、寝そべりが流行ってるわけ。",FALSE,0,0,NA
2022-10-23 13:48:09,1584043979451924480,"1584043979451924480","‼️　😆　💪👏
＃１：""親ガチャ""どうやって抜けだす!?…３年D組は問題の生徒だらけ!! @ABEMA で無料配信中 https://t.co/uwEgX0NTog",FALSE,0,1,NA
2022-10-23 13:48:05,1584043964394790912,"1584043964394790912","上の子の時には感じなかったけど、同じように接してきたつもりなのに下の子は本当に育てにくい。可愛い時も多いけど、産まなきゃ良かったって思うことも1日1回はある。お互い親ガチャ子ガチャハズレでしんど。",FALSE,0,0,NA
2022-10-23 13:37:48,1584041374306836480,"1584041374306836480","まあただ教育格差とか親ガチャの問題も含まれてるのかな……と思うとあれだけど",FALSE,0,1,NA
2022-10-23 13:34:28,1584040534775328768,"1584040534775328768","はったしょに産まれた時点でほぼ積みだけど親ガチャSSR引けばまだ助かる道はある
ただしはったしょの親は高確率ではったしょだから親ガチャもドブ率高くて人生詰む",FALSE,0,2,NA
2022-10-23 13:29:12,1584039212248027136,"1584039212248027137","言いたいことも言えないこんな親ガチャ https://t.co/ldr38A7ccj",TRUE,1,8,NA
2022-10-23 13:20:06,1584036921512054784,"1584036921512054784","今風に言ったら　親ガチャ外れだった娘
#自死遺族　#自殺　#溢死　#親ガチャ外れ　#うつ病　#メンクリ",FALSE,0,2,NA
2022-10-23 13:17:17,1584036211081252864,"1584036211081252864","なんか運営煽って星4で厳選したとかアホみたいな暇人アピールしてるやつおるけど
そういうやつのせいで余計時間がかかる可能性があるってわからんのかなぁ
やっぱキッズは消えてほしいわー
常識ないし親ガチャも外れてるんやろなー
厳選したから回収すんなとかそんなん思ってても言うなよキッズが",FALSE,0,0,NA
2022-10-23 13:16:38,1584036050086678528,"1584036050086678529","@012_diana_ 子供は親(遺伝子)を選べないですからね
最近よく言われている親ガチャもそうですね",FALSE,0,0,NA
2022-10-23 13:07:02,1584033630266920960,"1584033630266920960","ボンボンの嬢ちゃん坊ちゃんが底辺の人間について、豊かな環境からどうこう云うのもナンセンスやし、貧乏人が「親ガチャ」と僻むのも軟弱で吐き気がする。恵まれてる奴は二十年、三十年の短い人生で自分だけで何か成せたなんて云えるならそれは努力できる環境、周囲のサポートを享けたことに目を向けろ",FALSE,0,0,NA
2022-10-23 13:01:56,1584032350454677504,"1584032350454677504","子供は親を選べず、
""生まれる・生まれない""の決定権もなく、
親のエゴで強制的に生み落とされる、
完全な被害者だが、

親が子供を作るのは、
親の遺伝子、収入、知能、環境など、
データがある点でガチャではない。

バカ、ブス、障害者、貧乏人、チー牛、犯罪者、
ほぼ遺伝と育て方。親ガチャ。 https://t.co/yggShrUnmC",TRUE,3,10,NA
2022-10-23 13:01:24,1584032214693527552,"1584032214693527552","親ガチャ",FALSE,0,1,NA
2022-10-23 12:58:34,1584031501653770240,"1584031501653770241","親ガチャが強すぎるwww https://t.co/M21lUI50x1",TRUE,0,2,NA
2022-10-23 12:53:32,1584030236269719552,"1584030236269719556","裕福で親に怒鳴られない家庭で育った人が言う親ガチャ失敗ほどイラつくものは無い",FALSE,0,11,NA
2022-10-23 12:37:52,1584026294039482368,"1584026294039482368","親ガチャ失敗だとでも思ってるのだろうか

生きているのがつらい

私は親になるべき人間ではなかったのだろうか",FALSE,0,0,NA
2022-10-23 12:36:03,1584025834960322560,"1584025834960322560","@otuki0806 自分の子供には親ガチャ成功って思わせてあげてね。",FALSE,0,1,NA
2022-10-23 12:32:55,1584025045961445376,"1584025045961445377","親ガチャって凄い言葉だな。
うちの親は子ガチャに失敗したと思ってそう。",FALSE,0,0,NA
2022-10-23 12:28:25,1584023912526278656,"1584023912526278658","「アンダーキッズ」の歌い出しを聴けば明らか?

「親ガチャ」「国ガチャ」「時代ガチャ」　人生から“運”は完全に排除されるべきかを哲学的に考える〈dot.〉(AERA dot.)
#Yahooニュース
https://t.co/T6WvvZdcxD",FALSE,0,0,NA
2022-10-23 12:28:07,1584023838068977664,"1584023838068977664","「親ガチャ」「国ガチャ」「時代ガチャ」　人生から“運”は完全に排除されるべきかを哲学的に考える https://t.co/RYVpNv2Qds",FALSE,0,0,NA
2022-10-23 12:23:52,1584022767703568384,"1584022767703568387","親ガチャ失敗してるからネットくらい好きな人達で固めよ",FALSE,0,2,NA
2022-10-23 12:17:48,1584021242465509376,"1584021242465509376","親ガチャと云うよりか無為に植え付けられたカルマって言った方が正しい｡
ガチャだと回さないって選択ができるけど,親ガチャに関しては勝手に回されて出てくるだけで選択肢なんて無いからね",FALSE,0,3,NA
2022-10-23 12:15:55,1584020770178859008,"1584020770178859008","己の人生や好きにしろとか言う割には
糞な人生なり罵倒してくるし
俺は賢いとか言われるし、なんやねん。
これこそ親ガチャ失敗やわ、
親も子ガチャ失敗って思ってる野郎な",FALSE,0,2,NA
2022-10-23 12:12:07,1584019811621036032,"1584019811621036032","親ガチャ大優勝したかった。生まれつき美人が良かった。金持ちが良かった。勉強できたかった。",FALSE,0,5,NA
2022-10-23 12:04:24,1584017868286402560,"1584017868286402561","再起のチャンスがない社会では
他人を蹴落とすしかなくなる

18歳でどの大学に入れたかで人生が決まる社会では
親ガチャの成否で人生が決まってしまう

息苦しいね日本",FALSE,1,4,NA
2022-10-23 11:54:44,1584015436165042176,"1584015436165042176","金稼ぐ以外とりえないくせに、服すら買うてくれんとかクソやん  これが親ガチャってやつか まじで疲れるわ",FALSE,0,0,NA
2022-10-23 11:52:03,1584014763604205568,"1584014763604205568","もう親ガチャだの配属ガチャだの

ガチャガチャうるせーぞ！！ https://t.co/qcJ5ANWHu3",TRUE,0,1,NA
2022-10-23 11:46:20,1584013324697899008,"1584013324697899009","こういう話めちゃめちゃ好き

親ガチャという言葉はあまり好きではないけど、こういう人には逆にとことん使ってほしいと思った https://t.co/3oYrWVQwtJ",TRUE,0,0,NA
2022-10-23 11:45:32,1.58401312153e+18,"1584013121529995265","無事年末　800万円か　
親ガチャ凄すぎるな",FALSE,0,0,NA
2022-10-23 11:40:02,1584011739473276928,"1584011739473276928","【親ガチャ】「努力したら成功できる時点で運がいい」生まれた環境でその後の人生が ...
 
#あべま #ABEMA #ABEMAPrime #Abemanews #AbemaPrime #Abemaビデオ #ABEMA的
 
https://t.co/yJ1JstMBSp https://t.co/1xPc6ZTJBn",FALSE,0,0,NA
2022-10-23 11:36:05,1584010743674187776,"1584010743674187776","親ガチャで言うとこのハズレなの https://t.co/A4Ckzh04C1",TRUE,0,0,NA
2022-10-23 11:34:58,1584010464128008192,"1584010464128008194","学力勝負であれば本人の努力次第の部分はあるけれど、親ガチャ勝ち抜き戦という、もしかしたら圧倒的に高いハードルが",FALSE,0,0,NA
2022-10-23 11:19:24,1584006546660683776,"1584006546660683776","@oQrdohcoSm2bPub @gionsyojakane 本質とは？
統一教会の信者は被害者じゃないよ☺️
いい大人が、最終的には自分の判断で入信し、献金してるのだから☺️2世信者だって、変な親にあたって苦労してるのは、2世信者だけではない。親ガチャの問題だよ☺️",FALSE,0,2,NA
2022-10-23 11:18:23,1584006288010547200,"1584006288010547200","やっぱり親ガチャSSRなのでは？しかも完凸したやつ",FALSE,0,1,NA
2022-10-23 11:18:03,1584006206334853120,"1584006206334853121","@012_diana_ なんか特別美人でもなければ高学歴なわけでもない自分に人権が無いと言われてる感覚になった(被害妄想) 世の中、努力なんて認めてもらえず結局容姿と親ガチャなんやなー。",FALSE,0,1,NA
2022-10-23 11:17:26,1584006051568898048,"1584006051568898049","ビリギャルて、経済的に恵まれた家庭をもち、それなりに優秀な学校に通ってて

それなのにサボって成績が悪かったが、元々得意だった科目を活かして大学合格できました

てだけの話なんで（しかも塾にも大金払った）

いま深刻視されてる教育格差とか親ガチャとは無縁な世界

いやらしい世界 https://t.co/hm9q4w8cyE",TRUE,0,0,NA
2022-10-23 11:11:12,1584004483335729152,"1584004483335729152","ままの親エピ聞いて「親ガチャ失敗…？てことはままは親ガチャも子ガチャも失敗じゃん…」って言っちゃった",FALSE,0,0,NA
2022-10-23 11:00:55,1584001893772431360,"1584001893772431361","あ〜またしても地域ガチャやん😣
親ガチャよりは、ほんの少しだけ努力で叶うかもしれないけど...
大方の人は、生まれ育った場所や縁あって住みついた場所を安易に離れることは出来ないのだよ😮‍💨",FALSE,0,0,NA
2022-10-23 10:59:48,1584001612552761344,"1584001612552761344","これが親ガチャってやつか・・・確かに命よりイデオロギーを優先するような人間が親になったらたまらんな。 https://t.co/V5VTJNZyxp",TRUE,0,3,NA
2022-10-23 10:49:28,1583999013640351744,"1583999013640351744","ピアレンツハラスメントって言葉作ったわ

これ後々流行るで

KYも親ガチャも言い続けてたら４年位で一気に浸透したし https://t.co/ALrt8KPYH0",TRUE,0,0,NA
2022-10-23 10:42:08,1583997168204947456,"1583997168204947458","@_____riria そう思うと親ガチャ出生ガチャ大事だよね
他人は言うんだよ
親ガチャ大ハズレ引いたら親を恨めって",FALSE,0,0,NA
2022-10-23 10:38:43,1583996306485223424,"1583996306485223424","「親ガチャ」「国ガチャ」「時代ガチャ」　人生から“運”は完全に排除されるべきかを哲学的に考える https://t.co/RxETPJe2uN",FALSE,0,0,NA
2022-10-23 10:35:42,1583995548452782080,"1583995548452782087","@sorashidomame 親ガチャ失敗させたくなーい！",FALSE,0,1,NA
2022-10-23 10:34:45,1583995309453381632,"1583995309453381632","@tanisi1024 親ガチャ勝ちで草",FALSE,0,1,NA
2022-10-23 10:33:16,1583994934029586432,"1583994934029586432","@sakatsutruth 親ガチャ、ハズレや！！
乳くらい１時間おきに吸わせろや！！
#0歳児の主張",FALSE,0,1,NA
2022-10-23 10:31:40,1583994533477777408,"1583994533477777408","@tanisi1024 親ガチャSSRw",FALSE,0,1,NA
2022-10-23 10:20:04,1.583991613353e+18,"1583991613353000960","こんなこといったら反発されそうだけど、気の持ち方、一つだと思うけどな。よく、親ガチャがどうとか言っているけど、俺の家も親ガチャで言ったら末端の類だったけど、それでも今は
普通に安定した生活をしているし。",FALSE,1,8,NA
2022-10-23 10:18:02,1583991103853731840,"1583991103853731841","親ガチャって言葉はめちゃくちゃ嫌い。
なんでかって言うと、産んでくれた親に大変失礼。

産んでくれたことにまず感謝。だって、お父さんだって趣味に金使いたいはずやのに我慢してる。ほんまにありがとうすぎて泣きそう。
お母さんだって、毎日家事して、頑張ってる。好きなものも買えないだろうし。",FALSE,0,0,NA
2022-10-23 10:16:15,1583990653712625664,"1583990653712625665","@gotouketsu 親ガチャ大成功ww",FALSE,0,1,NA
2022-10-23 10:08:56,1583988811801190400,"1583988811801190400","やっぱ親ガチャなんだよな https://t.co/Zb1fgdqfA9",TRUE,0,0,NA
2022-10-23 10:05:46,1583988016456282112,"1583988016456282112","親ガチャっていうけどさ。経済力もだけど、教育力や躾に関しても、私達は★2か良くて★3（max★5）だなーって自覚があるから、ごめんてって思う。",FALSE,0,0,NA
2022-10-23 10:02:12,1583987118258671616,"1583987118258671617","@Hdd7xa3lmes3qS4 まじわかる 親ガチャに外れた人の末路(&gt;&lt;)",FALSE,0,0,NA
2022-10-23 10:01:55,1583987045114212352,"1583987045114212353","親ガチャ」という言葉がある。確かに賢明で優しく子供に潤沢な収入がある親の下に生まれたなら、子供も生きやすい。でも人生って不思議なもので、子供の時から蝶よ花よと温室で育てられて大成する人も確かにいるけど、そういう環境で育つと伸びない子もいる。何が幸いするかなんて分からないものよ。",FALSE,0,0,NA
2022-10-23 10:01:06,1583986840809242624,"1583986840809242624","「親ガチャ」「国ガチャ」「時代ガチャ」　人生から“運”は完全に排除されるべきかを哲学的に考える〈dot.〉(AERA dot.) [紹介元] AERA do&amp;hellip。",FALSE,0,0,NA
2022-10-23 10:01:02,1583986822782529536,"1583986822782529536","「親ガチャ」「国ガチャ」「時代ガチャ」　人生から“運”は完全に排除されるべきかを哲学的に考える https://t.co/u1I5jw71Ld #AERAdot #週刊朝日 #AERA",FALSE,0,1,NA
2022-10-15 07:53:12,1581055548560408576,"1581055548560408579","https://t.co/7wUHDt1HAy

苦労すると
病気になるし
結婚や出産は出来ないし
貧困で苦しむし
親ガチャ当たりなら
悩む必要などない",FALSE,0,0,NA
2022-10-15 07:52:04,1581055265977556992,"1581055265977556992","ある友人、バイト以下の薄給で上昇意欲の欠片も持ってないんだけど、実家住みで家族仲も良く雨の日は夜中だろうと家族に送迎してもらいこの時期になると毎年3連休取って家族旅行に行ってるの見ると、親ガチャっていうかそういうの考えちゃうよね。",FALSE,0,1,NA
2022-10-15 07:46:32,1581053874521411584,"1581053874521411584","🔹🔸🔹🔸🔹🔸🔹🔸🔹🔸🔹🔸🔹
いよいよ今日ですꉂꉂ📢⚡⚡

本日10月15日(土)  
22:00～1、2話一挙配信
Abemaドラマ 『覆面D』

目指せ‼️ #覆面D トレンド入り💬

覆面D #1 ""親ガチャ""どうやって抜けだす!?…３年D組は問題の生徒だらけ!! @ABEMA 
https://t.co/a5CWAfDNmw",FALSE,5,21,NA
2022-10-15 07:42:35,1581052880605175808,"1581052880605175808","観る予定の映画、苦手な「親ガチャ」って言葉がコピーに入っててモヤモヤ。揶揄しているようで核心を突けてないのがいつも気になる。そもそも回してないのに賞品が出てる。",FALSE,1,5,NA
2022-10-15 07:11:40,1581045097331716096,"1581045097331716097","【悲報】東大生さん、遂に親ガチャ民に対して正論を言ってしまうｗｗｗｗｗｗｗ

#トレンド #話題 #ニュース

https://t.co/3wGbXqwb3b",FALSE,0,0,NA
2022-10-15 07:04:28,1581043287733186560,"1581043287733186561","クーポン貰えたからで子供産むような親は親ガチャの中でも最低の部類に入るだろ https://t.co/pW0TPZOeMd",TRUE,0,1,NA
2022-10-15 06:50:12,1581039696784011264,"1581039696784011264","＜コラム 筆洗＞「親ガチャ」は最近流行の俗語で、親は自分で選べないことをい…
https://t.co/Uy2kQibZq5",FALSE,1,4,NA
2022-10-15 06:42:18,1581037709979971584,"1581037709979971584","親ガチャどーのこーの言ったって状況が変わる訳でもねーんだし、嫌なら自分から建設的な行動でもしとけば？
泣き言は自分のノートにでも書いとけ",FALSE,0,0,NA
2022-10-15 06:34:06,1581035643060490240,"1581035643060490240","親ガチャ否定する奴って親不孝だよな だって親に感謝しないんだろ？
https://t.co/jPi1SPKYQF",FALSE,0,0,NA
2022-10-15 06:32:40,1581035282274533376,"1581035282274533376","今の日本で生まれてくる子供、
ガチでドンマイって思うの私だけ？
消費税25%になるかもよ？
戦争が始まるかもよ？
国会議員は反日のカルトと仲良しよ？
国民の個人情報筒抜けですよ？
そんな国でまともな教育受けれるのって
ごく僅かな上級国民だけよ？
親ガチャならぬ、国ガチャ〜〜〜",FALSE,0,0,NA
2022-10-15 06:28:04,1581034127179993088,"1581034127179993089","いよいよだ(*•̀ㅂ•́)و✧
覆面D！！！
大地大輔に注目✌️（笑）

覆面D #1 ""親ガチャ""どうやって抜けだす!?…３年D組は問題の生徒だらけ!! @ABEMA で10月15日 22:00から放送 https://t.co/89Picuri3k #覆面D",FALSE,0,0,NA
2022-10-15 06:06:32,1581028709037117440,"1581028709037117440","コムドットの学歴！#学歴#コムドット https://t.co/G0iFE7hyXr @YouTubeより
学歴と偏差値は比例しないんだなぁ🤔
40でも大学いけるんだね…
ようは親ガチャにあたるかいなかか⁉️",FALSE,0,0,NA
2022-10-15 05:22:53,1581017721034395648,"1581017721034395649","親ガチャしくじったかなぁ",FALSE,0,0,NA
2022-10-15 05:15:13,1581015794607013888,"1581015794607013888","親ガチャ成功したんだから感謝しなよってコメント妬みでしかねえんよな
ガチャガチャで当たり出て台に感謝するかい
自分運いいなーついてるなーって思うだけやろ",FALSE,0,0,NA
2022-10-15 04:56:10,1581010997673803776,"1581010997673803779","どうしたらよかったんだろう
誰かに答えてほしい教えてほしい
私はどうやって生きればよかったんだろう
カウンセラーに言っても答えてくれんかった
明確な答えが欲しい
親ガチャろいう答えしか私には見えないわー
ほんと教えて",FALSE,0,1,NA
2022-10-15 04:34:03,1581005433971433472,"1581005433971433473","弱者男性の定義か
顔・年収・モテるかどうか
色々あると思うけど

僕は今に至るまでの「普通の家庭環境・人生」が欲しかったですね。そうすればこうはならなかった。
それすら自己責任と言われるんでしょうけど、親ガチャ論にも発展するし纏まらなくなる",FALSE,0,2,NA
2022-10-15 03:02:53,1580982490956980224,"1580982490956980226","@uVHYSp9p5kchJjP @Z2qyCJdA7I2QtAq 息子ら親ガチャ失敗過ぎてて可哀想じゃwwwwwwwwwﾋｬｯwww",FALSE,0,10,NA
2022-10-15 02:45:51,1580978204705054720,"1580978204705054720","例の編集、なんでも売れるというより、
センセーショナル(センシティブ)なネタを盛り込んで注目集めようとする悪癖の方が印象に強い。

今終わりそうになってる連載とか、もろにテコ入れとして使ってたよね。
あと「親ガチャ大成功」",FALSE,1,2,NA
2022-10-15 02:43:41,1580977657222950912,"1580977657222950912","@1xcex_ 初対面で決めつけてリプしてきて
言い返されたらそれですか？
よっぽど親がゴミなんでしょうね
親ガチャ失敗お疲れ様でした",FALSE,0,0,NA
2022-10-15 02:40:55,1580976960523468800,"1580976960523468803","実家の手伝いとかマジ萎えるわ...親ガチャ大爆死で草も枯れますな",FALSE,0,0,NA
2022-10-15 02:11:54,1580969660106698752,"1580969660106698753","毒親や親ガチャって言葉、最近よく耳にする。
育児放棄とかする人は確かにその中に入る人なのかもしれないけど、親もひとりの人間だし完璧じゃないし、初めてのことを試行錯誤して生きているっていうその当たり前のことをどうか忘れないで欲しい。",FALSE,0,0,NA
2022-10-15 02:00:16,1580966731560144896,"1580966731560144901","弱者男性は社会的弱者ではないと言う奴いるけど私を見て同じ事言えんの？私は親ガチャ失敗して視覚障害のせいで自分に落ち度が無いのに低収入で独り身。単身者ほどお金払って問題解決しなきゃいけないのにお金も無い。そして支えてくれる人もいない。例えできても生活保護イラストレーターくらいだわ…",FALSE,0,0,NA
2022-10-15 01:53:31,1580965033323900928,"1580965033323900928","@sRYZEN7_3700x 親ガチャ大成功者へ https://t.co/x1uSFZsbc4",FALSE,0,1,NA
2022-10-15 01:43:42,1580962561260150784,"1580962561260150784","次女は高3で、就職だ!進学だ!で悩んでる時期に「お前は親ガチャ失敗してるから、やりたいと言えばやらせてもらえる家庭じゃない」と言い放った事がある。
サーターアンダギーの流れで誰でもわかるようなコツ教えただけで娘から言われたのが「とーちゃんそういう所がさー、親ガチャ失敗ではないよね」",FALSE,0,3,NA
2022-10-15 01:20:15,1580956661044645888,"1580956661044645888","「『現実転生～親ガチャSSRに当たったので、金の力で無双する～』」
「死ぬほど胸糞悪くなるタイトルだな」
「やっぱ現実はクソ」",FALSE,10,38,NA
2022-10-15 01:14:24,1580955188130910208,"1580955188130910208","親ガチャ外れたとまでは言わないがもうちょっと俺が好きな事に対して理解ある親だったらいいな",FALSE,0,0,NA
2022-10-15 01:06:30,1580953201465253888,"1580953201465253888","親子問題私より過酷な人が「私よりもいい環境なんだから親ガチャとか言うな」みたいなこと言ってるの見て定期的に死ぬ遊び
いや分かってるけどね、苦しむ権利も無いのね",FALSE,0,2,NA
2022-10-15 01:06:04,1580953091725484032,"1580953091725484033","@Twitube_123 親ガチャ爆笑😃",FALSE,0,0,NA
2022-10-15 01:02:21,1580952156848279552,"1580952156848279552","@Ncs3W 子どもからしたらこんなのでやってらんね〜とか言う毒親持ったことを親ガチャ失敗したと肝に銘じて自分はそうならないと心に決めてるかもね(笑)",FALSE,0,1,NA
2022-10-15 00:56:33,1580950696450437120,"1580950696450437120","基本親ガチャなんて考え方好きじゃないけど、俺がもし何かガチャで失敗してるとしたら、父親が陰キャだったことだと思う()",FALSE,0,4,NA
2022-10-15 00:49:42,1580948974751862784,"1580948974751862785","水星の魔女、親の影響力が学園内のヒエラルキーにダイレクトに影響してるの、まぁ、むちゃくちゃ嫌だよね。
親ガチャ…",FALSE,0,0,NA
2022-10-15 00:43:24,1580947389338497024,"1580947389338497025","世界に「静かな退職」が広がるなか、中国では「諦め」が流行語に

努力すれば夢が叶うとか、もうそんな
生易しいもんじゃない、親ガチャって
言えるような日本はまだ良くて、他の国はもう、諦めの境地になるのだろう
自分も正直、不安より諦めに近い
 https://t.co/v1UamsbgFc @HuffPostJapanから",FALSE,0,1,NA
2022-10-15 00:38:04,1580946045118205952,"1580946045118205953","私は親ガチャ失敗したし
親は親で子供ガチャ失敗してて草",FALSE,0,1,NA
2022-10-15 00:34:48,1580945224494329856,"1580945224494329858","@database_ohoh なにその親ガチャ子ガチャ現在進行形みたいな事案。･x･｡oO( #言い回し",FALSE,0,1,NA
2022-10-15 00:33:02,1580944777905811456,"1580944777905811457","親ガチャ大勝利人生勝ち組ロードを渡っている人間にアドバイスされたけど、結構ムカついたわ。感覚としては環境Tier1デッキ使ってる奴にロマン込みのワンチャンデッキをボロクソに言われた気分に似てる。",FALSE,0,0,NA
2022-10-15 00:32:29,1580944641049776128,"1580944641049776129","自分の血を、遺伝子をそんなに尊いものだと思ってないし、実の子であろうとなかろうと子供を育てるというのは変わらんしな…子がどんなふうに育つかなんて親ガチャならぬ子供ガチャだから…",FALSE,0,0,NA
2022-10-15 00:28:40,1580943679648190464,"1580943679648190464","いくらボンボンでも親ガチャ失敗したらこんな風に育つわな。",FALSE,0,7,NA
2022-10-15 00:22:47,1580942201118343168,"1580942201118343168","親ガチャ中の上😄",FALSE,0,0,NA
2022-10-15 00:19:52,1580941464338829312,"1580941464338829312","どの界隈みてても思うし人生振り返っても思うんだけど、親ガチャや容姿ガチャ成功者って欠落人間だらけだよね
人の痛みもきもちも想像すらできない、視野がいくつになっても狭いままだし(で、中高年すぎたあたりで一気に色々おきて被害者意識すごくてメンタル壊れたり病んだりて人もいるけど) https://t.co/LjnERYw4ev",TRUE,0,3,NA
2022-10-15 00:18:24,1580941098062532608,"1580941098062532608","環境保護団体も、フェミニストも、ヴィーガンも、自分達の意見を聞いてもらうために選ぶ手段が『人に迷惑をかけて注目を集める』ってのが完全に家庭環境に問題のあった子供の特徴で悲しいな。親ガチャでハズレ引くと思想まで歪むんだな。",FALSE,0,0,NA
2022-10-15 00:17:19,1580940824619421696,"1580940824619421697","虫歯は口腔内の細菌バランスの結果だから
親ガチャ爺婆ガチャに失敗したらひたすら他人とベロチューして当たりを引くしかないんだ",FALSE,0,1,NA
2022-10-15 00:10:34,1580939123619409920,"1580939123619409920","赤ちゃんって親ガチャ失敗したのを知って生まれた瞬間泣いてるらしい",FALSE,0,3,NA
2022-10-15 00:08:55,1580938710601715712,"1580938710601715718","高学歴高身長の幼馴染。就活するのか知らないけど、高収入まで揃えられるのかは注目してる。親ガチャSSRはどこまでも上手くいくのかな、どこかで地の底まで落ちるのかな。 

#Peing #質問箱 https://t.co/pN1jeNWQVM",FALSE,0,1,NA
2022-10-15 00:01:53,1580936941268500480,"1580936941268500480","親ガチャならぬ上司ガチャ、あるなよなぁ。願わくば辞めるまであと1年半ちょい、彼女の下で働きたいなぁ。",FALSE,0,0,NA
2022-10-15 00:01:42,1580936893612535808,"1580936893612535809","@kanabuuuunbun 親ガチャとこれまで育った環境によるって結果でた👊",FALSE,0,0,NA
2022-10-15 00:00:53,1580936686451625984,"1580936686451625987","親ガチャ失敗(｡･ω･)y-ﾟﾟﾟ",FALSE,0,1,NA
2022-10-15 00:00:08,1580936499956023296,"1580936499956023296","親ガチャというか末っ子の場合はもはや家ガチャ",FALSE,0,0,NA
2022-10-14 23:57:19,1580935792394108928,"1580935792394108928","親ガチャ失敗した。【Dad’s Monster House】(パパのモンスターハウス)#3
https://t.co/duqGZhhO9v

#ゲーム  #ゲーム実況   #スマホ  #スマホゲーム #雰囲気ゲー #謎解き #パパのモンスターハウス #dadsmonsterhouse",FALSE,0,4,NA
2022-10-14 23:53:57,1580934945291526144,"1580934945291526145","@meoto_manzai @mainichi いや、実際に親ガチャ…w",FALSE,0,0,NA
2022-10-14 23:52:45,1580934641573584896,"1580934641573584896","大石圭の主人公は大体親ガチャ外れ引いてる人が多い気がすら",FALSE,0,1,NA
2022-10-14 23:52:06,1580934477324296192,"1580934477324296192","戦争にならないようにう訴えたり活動したりもできないのは、本当に可哀そうだし残念だな。
親ガチャとか言ってる若人も大変なんだろうけど、こちらは愚痴を言えるどころではないんだろうな・・・
「戦争になったら、どうせ死ぬ」ミサイル発射に冷淡
#Yahooニュース
https://t.co/5vfsQ1wPA8",FALSE,0,0,NA
2022-10-14 23:41:27,1580931796098637824,"1580931796098637824","うちに来た時のねぎちゃん。
いつもすみっコぐらし笑笑

なんて可愛いんだ。。////
今じゃおうちも二階建並に豪華になって
ご飯だって1200円するくわっちー笑

親ガチャ失敗とは言わせんぞwww

ぬぁああぁあ/////
かわえぇえええぇえ。(*ᵒ̴̶̷᷄Дᵒ̴̶̷᷅) https://t.co/MksJUJhrrU",FALSE,0,22,NA
2022-10-14 23:21:20,1580926733360173056,"1580926733360173059","@v6c_o 子どもちゃんか子どもくんかは知らんけど可哀想すぎて涙（߹𖥦߹）親ガチャ失敗🥺",FALSE,0,0,NA
2022-10-14 23:10:09,1580923920261447680,"1580923920261447680","女でよかった！大学生になったら若さ切り売りしてキャバ嬢しよ！！そうでもしないと大学行けないもんね！！大学は贅沢働けとか言われるかもしれんけど私ペーパーテストは得意だから偏差値高い大学いって学歴社会を生き抜くんだ！！そうした方が長い人生で見れば得だよね。あーあ教育格差＆親ガチャ辛",FALSE,0,0,NA
2022-10-14 23:00:36,1580921518082916352,"1580921518082916353","https://t.co/L5OCAhiadW
子どもは親を選べないんだから銃乱射も酌量の余地があるだろってのは今の親ガチャ論争が反映されてる気がする判決やな",FALSE,0,0,NA
2022-10-14 22:58:10,1580920905899048960,"1580920905899048961","@KEIBOW_NAHACHOP そんなに毎日毎日マスクだワクチンだマイナンバーだの文句ばっか言って嫌ならどっか海外にでも行ったほうがいいんじゃないですか笑
ほんと目障りやっs

あんたのご子息もなかなかのハズレ親ガチャ引いてると思いますよ笑

どーせブロックすんだろうけど笑",FALSE,0,0,NA
2022-10-14 22:52:10,1580919396305760256,"1580919396305760256","親ガチャ https://t.co/DwoXZ10O5O",TRUE,0,2,NA
2022-10-14 22:49:05,1580918618723753984,"1580918618723753985","親ガチャは成功したと思わせたい
顔ガチャも成功させたい",FALSE,0,0,NA
2022-10-14 22:48:43,1580918525568618496,"1580918525568618496","@mugitan_x 親ガチャとか安易に言いたかないけど、頭よぎっちゃうよね。",FALSE,0,0,NA
2022-10-14 22:41:15,1580916648529514496,"1580916648529514496","大学の同級生（独身女子x2）とご飯いったんだけど、
つくづく、幸せに生きる、って難しいなぁと思った

パートナー選びももちろん鬼門だけど、
それ以上に、俗にいう『親ガチャ』でみんなそれぞれ苦しんでいる感じ…",FALSE,0,12,NA
2022-10-14 22:37:08,1580915612314136576,"1580915612314136576","瀬名一人っ子だから親の期待にやられてるし、親も親で自分の子が1番と考えてるとある意味家庭的に報われなかったんかな…前にリメンバーの回で結構親絡みにうんざりしてたって言ってて現代で言う親ガチャのリアル実態を見せられた気分だし、ゆうくんが唯一の救いつーもん？ https://t.co/6vcYV7qpSe",FALSE,0,2,NA
2022-10-14 22:35:01,1580915080287645696,"1580915080287645701","@9harunasubi9 親ガチャこれだったけどこんな志もないゴミに育って泣きそう",FALSE,0,2,NA
2022-10-14 22:33:49,1580914778385809408,"1580914778385809410","@Everyone_Oogiri 「親ガチャ、外れたな・・・」",FALSE,0,0,NA
2022-10-14 22:31:53,1580914290285871104,"1580914290285871104","なんて毒親w
親ガチャ大失敗やんw

会見中止要求は「親心から」　旧統一教会が声明(共同通信)
https://t.co/P4IyArchc1",FALSE,0,0,NA
2022-10-14 22:29:43,1580913743235801088,"1580913743235801089","タイチさんの方は親ガチャもハズレっぽいね…
#ねほりんぱほりん",FALSE,0,0,NA
2022-10-14 22:27:29,1580913182910328832,"1580913182910328832","@uki2chu2 嬉しい🤭🤭🤭
女の子欲しかったのよね(ﾁｶﾞｳ)

息子と石羽２話見てた時「俺、親ガチャ当たり。ママはミーハーだけど面白いしご飯もおやつも美味しいし。ここんち生まれて幸せ」ってぼそっと言ったのよ😭
その言葉だけで母は🍚三杯食べられる(ｻﾗﾆﾁｶﾞｳ)",FALSE,0,2,NA
2022-10-14 22:25:37,1580912715216084992,"1580912715216084992","息子に、親ガチャ失敗したンゴwww助けてクレメンスwwwww
って言われない程度に頑張ろっと",FALSE,0,0,NA
2022-10-14 22:24:34,1580912448487374848,"1580912448487374849","親ガチャ失敗って世間は言うけど、失敗演出確定の子ガチャ引いた頭の弱い親ってだけで可哀想ンゴね",FALSE,0,3,NA
2022-10-14 22:23:33,1580912194413551616,"1580912194413551617","確かに高校はまだしも大学進学は親ガチャの影響は大きいよな...
僕は小学生の頃から大学は遊びに行くところだ、それよりも高卒で働くか専門学校に行って手に職をつけろって教えられてたからなあ...",FALSE,0,0,NA
2022-10-14 22:23:20,1580912139141009408,"1580912139141009408","子供もそんな親持って親ガチャはずしてる https://t.co/FjzPu8ztMt",TRUE,0,5,NA
2022-10-14 22:23:02,1580912063148609536,"1580912063148609536","@o0913CQBkqd5APw 親ガチャみすったー",FALSE,0,0,NA
2022-10-14 22:22:40,1580911969993097216,"1580911969993097221","手のひらの上で転がされてオモチャにされてて𝐕𝐞𝐫𝐲𝐂𝐮𝐭𝐞‼️効いてないアピ連発同じ発言しかせんガキの前で暴言連発あんたのガキ親ガチャ失敗すぎて可哀想やヮ〜。(^-^)あんたのいいね欄のエロ動画みていい子に寝ときな〜 https://t.co/DMguCaenfd https://t.co/PFl2aSkfET",TRUE,2,8,NA
2022-10-14 22:22:02,1580911811628449792,"1580911811628449792","@sitto_1068 まじで環境で人生決まる
動画とか見ててすげぇ人もいるしあとは親ガチャだね",FALSE,0,1,NA
2022-10-14 22:15:13,1580910095562510336,"1580910095562510336","【GENE】10/15土 22:00-ABEMA
関口メンディー主演『覆面D』
教育困難校で教壇に立ちながら覆面レスラーとしての顔も持つ教師・大地大輔。

主題歌：#GENERATIONS 「愛傷」
出演：武知海青・松井利樹

#1 ""親ガチャ""どうやって抜けだす!?
https://t.co/Uy0BRcOwfI https://t.co/bX2V8ycPdA",FALSE,41,476,NA
2022-10-14 22:07:31,1580908158306091008,"1580908158306091011","@hitorigotomaker 親ガチャ大失敗かつチー牛には出来ないことがいっぱいあるんや",FALSE,0,1,NA
2022-10-14 22:02:41,1580906940238299136,"1580906940238299137","現金給付って一時的で済むのよね。
大学院まで、親ガチャの当りハズレ関係なく、奨学金という借金をしなくても学びたい子が学べるような長期計画な対策をしてよ！

首相「しっかり検討」　子育て世帯の現金給付　参院自民提言(産経新聞)
#Yahooニュース
https://t.co/QiK62Duxj2",FALSE,0,0,NA
2022-10-14 21:54:52,1580904975387226112,"1580904975387226112","親ガチャ　子ガチャ　失敗するとこうなります　ビビって警察呼ばなきゃいけないなら最初からやめたら？ https://t.co/pI836asPFi @YouTubeより",FALSE,0,0,NA
2022-10-14 21:51:30,1580904128678543360,"1580904128678543361","結局、人生は親ガチャで失敗したらどうしようもないのよな…",FALSE,0,0,NA
2022-10-14 21:51:19,1580904081643941888,"1580904081643941889","親ガチャ救済処置くれ",FALSE,0,1,NA
2022-10-14 21:48:19,1580903325549334528,"1580903325549334529","ネタではなく本当の本気で言ってんだ…
ほ…ほーん…
これはゲームのせいで云々かんぬん言われてもしょうがねーなぁ

まぁ年齢制限あるもんを達してないのに了承してる時点でお察しではあるが
育てた親や環境のせいだと私は思うけどなぁ

私は親を反面教師に育ったから親ガチャを一概には言えんけど😂",FALSE,0,2,NA
2022-10-14 21:47:56,1580903231177502720,"1580903231177502721","実は親ガチャ2連敗してるんですよ私
……つらいねぇ
変わっても救われなかったどころか悪化してるしね？
手取り19で強制仕送りが10万
離れたいけど離れれん事情あって人生詰みみたいなもんよ",FALSE,0,0,NA
2022-10-14 21:44:38,1580902400436883456,"1580902400436883456","親が有名人というのは親ガチャ当たりと思う人が多そうな気がするけど
親が有名人だったら親が毒だった場合逃げるのがほぼ困難だろうし
間違いなく普通の人生は送れないわけだし
って考えていくとむしろ親ガチャ外れ",FALSE,0,0,NA
2022-10-14 21:42:38,1580901894334992384,"1580901894334992384","ゆっくり霊夢「ねえ魔里紗、親ガチャに失敗したらどうすればいいの？」
ゆっくり自殺教唆「いいか霊夢、親が医者だろうと虐待はされるもんだぜ！」",FALSE,0,0,NA
2022-10-14 21:42:05,1.580901759853e+18,"1580901759853002752","@TakaTomicaMania 親ガチャ失敗か。まあ、思春期って感じです。",FALSE,0,0,NA
2022-10-14 21:40:58,1580901478860197888,"1580901478860197888","親ガチャ　子ガチャ　失敗するとこうなります　ビビって警察呼ばなきゃいけないなら最初からやめたら？ https://t.co/OjX9WYpDpY @YouTubeより

言葉で上手く言い返せないアホ親父。
収集付かなくなって警察呼ぶ。
警察呼ぶと言えばビビると思う単細胞。
全てがダサいwww",FALSE,0,1,NA
2022-10-14 21:39:44,1580901165952552960,"1580901165952552960","@hachi_1019 あー…言うたらあかんやつや。お母さんのそう言うとこ娘さんの不登校の原因のひとつよね。
子供も当たりはずれあるけど親ガチャでカスもあるんだからね。
だいたい今いちばん大事な事は何⁉️",FALSE,0,0,NA
2022-10-14 21:37:12,1580900531056173056,"1580900531056173056","@kiBGRO6m1fsSKKR こういった話を知ると、親ガチャって言葉の根深さを直に感じ取れてしまうな…かなり心に来る…

ちょっと今は自分が忙しいのもあるけど、会って話そう。",FALSE,0,0,NA
2022-10-14 21:36:01,1580900230513688576,"1580900230513688576","親世代からはケツの毛も残らないほど収奪されて子供世代からは親ガチャとか言われて最悪よな。酷し。 https://t.co/qBN1FBklAz",TRUE,0,0,NA
2022-10-14 21:34:50,1580899934546821120,"1580899934546821120","子供を堕ろせば人でなしと言われ

産んだら親ガチャ失敗といわれる

家事育児は女の仕事
共働き必須

上がらない給料

そりゃ出生率上がらんでしょ",FALSE,0,3,NA
2022-10-14 21:34:48,1580899923700031488,"1580899923700031489","@niken_hunter @hone_hone_kotu 親ガチャ成功民はさ経済的余裕あるし精神的余裕あるよね。
親ガチャ失敗民には何も無いなら、所謂人がしなくていい無駄な努力をしないといけないのよ。
その結果手取り13万の会社にしか入れないわけよ。",FALSE,0,0,NA
2022-10-14 21:33:03,1580899483864694784,"1580899483864694793","@708____rad やっぱりそうだよね、、、親ガチャやん",FALSE,0,1,NA
2022-10-14 21:32:40,1580899387802542080,"1580899387802542082","こんばんは🌃
〇〇ガチャ
…親ガチャ
…配属ガチャ
…あまり好きじゃないね
抑々私は
ガチャガチャなんて
あまりやれなかったよ
ガチャは自分で何でるか
分からない…って言っても
ジャンルは自分で決められる
赤ちゃんは🍼親を選んで生まれてくるって📖本もあるよ
何時も感謝です
お休みなさい⛵😴🛌 https://t.co/Skrxc0s22Y",FALSE,3,82,NA
2022-10-14 21:32:21,1580899309062565888,"1580899309062565889","急に9月10月のここ最近の不運続きを思い返したら現親ガチャもっともっと星５出ても良くないか！？って思い始めた。なんでだ",FALSE,0,2,NA
2022-10-14 21:32:01,1580899224753156096,"1580899224753156096","【親ガチャ】

という言葉があるように

『子供は「自分の意志で」
　親を選べない』

だから、毒親に対する愚痴は
ギリ許容できなくもないンゴが

「自分の意志で」付き合った
友達・恋人・夫婦に対する
愚痴を延々と言うのは
精神異常者でしかないw😂

愚痴アカやってる奴ら
はよ",FALSE,0,0,NA
2022-10-14 21:27:47,1580898158636576768,"1580898158636576768","『かきぜん 温泉たまごがあるかガチャ』😁

「親ガチャ」が悲しいのは同意ですが、近所のスーパーなどにコレがあるかどうかは日常生活の幸福にかかわる……。

98円で貴重なタンパク質18gもとれて、必須栄養素豊富。
ゆで卵と違って殻をキレイに剝くなどという拷問めいた儀式が不要。

神々の食事。 https://t.co/NZookNMYAG",FALSE,3,24,NA
2022-10-14 21:24:20,1580897292135018496,"1580897292135018496","親ガチャ失敗例:音ゲー中に話しかけてくる親",FALSE,0,0,NA
2022-10-14 21:21:07,1580896479530856448,"1580896479530856448","親ガチャよなぁ
ぶっちゃけ俺は親ガチャ当たってるからこれな気がする(隙あらば) https://t.co/48wbBSy0tn",TRUE,0,0,NA
2022-10-14 21:12:23,1580894282260488192,"1580894282260488192","@mnherakozou じゃああなたは中学高校学生時代何してましたか？
親があなたに期待をかけるくらい勉強しましたか？
してて手取り13万とかならそれは社会がおかしいけどそれほどやってなくて親ガチャとか言うのは違うと思いますよ？笑笑",FALSE,0,0,NA
2022-10-14 21:08:00,1580893180656222208,"1580893180656222208","まーーーーーーーーーーーじで親ガチャ失敗したよなぁ………",FALSE,0,1,NA
2022-10-14 21:06:18,1580892751637270528,"1580892751637270528","@taro_921_ 親ガチャ当たってるのに13万のやつもいるもんな。そいつは一番終わってるよな",FALSE,0,0,NA
2022-10-14 21:05:14,1.580892483982e+18,"1580892483982004225","親ガチャ大成功してるのにやってることもったいなさすぎ",FALSE,0,1,NA
2022-10-14 21:00:40,1580891335971966976,"1580891335971966976","何かにつけて親ガチャハズレ的な事言うけどさ
親からすればガチャから出てきた子供をハズレだと思わないし、出てきた子を精一杯育ててるのに
親ガチャとか言われて悲しみしかないわ
精一杯やってもそれもハズレって言われるならもう何やったってダメじゃん",FALSE,1,38,NA
2022-10-14 20:58:58,1580890906169085952,"1580890906169085952","@405SAMA8 親ガチャとか話題ですし、そりゃ裕福な家庭に産まれたらスタートラインはは違うし、教育を受けるためにお金がないよりあったほうがいい。でも、裕福な家に生まれたから社会で必ず成功しているってわけではないし、結局本人次第な感じがします！",FALSE,0,1,NA
2022-10-14 20:53:51,1580889619981250560,"1580889619981250560","@tiamat2655 親ガチャと同じ考えなんでしょうな😭",FALSE,0,0,NA
2022-10-14 20:51:30,1580889027838103552,"1580889027838103553","@CyllCxxL この人のガキ親ガチャ失敗すぎて涙でてくる",FALSE,0,0,NA
2022-10-14 20:45:40,1580887558464057344,"1580887558464057346","この考え方はどうかなぁ…。　～自分はアタリ？ハズレ？　若者が自分の脳力を【親ガチャ】と表現する風潮～https://t.co/3mNTp42QBZ https://t.co/1KPnxIIn95",FALSE,0,0,NA
2022-10-14 20:44:43,1580887319728750592,"1580887319728750592","まじで親ガチャ外れでしかない(^-^)門限ある、厳しい、学費出してくれん、の割にお金の使い道指図してくる、下着かわいいの着ようとしたらいちいち言ってくる、しんでまえ(^-^)いいこともあったけどこの親で育つのデメリットでしかない(^-^)",FALSE,0,1,NA
2022-10-14 20:43:10,1580886929360711680,"1580886929360711680","なんだろうなあ、親ガチャ≒遺伝子ガチャを当てた民は自分よりスタートラインが先で体力補充されて足の早い体で走って、こっちはスタートラインが後方に下げられて疲れた状態でなおかつ足の遅い身体で走らせられる絶対的な無理ゲーやらされてる感が消えない
まあでもそれも人生",FALSE,0,0,NA
2022-10-14 20:42:53,1580886857889779712,"1580886857889779712","親ガチャ案件で笑う(笑えない) https://t.co/AnJFtR7W6f",TRUE,0,0,NA
2022-10-14 20:42:24,1580886739316486144,"1580886739316486144","@GRX130_8118 結局親ガチャに成功して何不自由なく大学行けたもん勝ちなんよ
努力が意味ないとは言わないよ、底辺の努力は評価されないってだけ。
だからやる気が無くなる。",FALSE,0,0,NA
2022-10-14 20:38:36,1580885780406247424,"1580885780406247426","@nakisyozyo 気を悪くしたらすいません。

親ガチャとは聞くけど…
子ガチャとは聞かない…

理不尽…",FALSE,0,2,NA
2022-10-14 20:34:29,1580884746313207808,"1580884746313207810","@yuu_oekaki39 ゆうさんの仰る通りです、環境は人それぞれですし…
親ガチャとか上司ガチャみたいな言葉を最近のニュースで見ましたけど、それでも与えられた環境で頑張られて結果を出してる方もいらっしゃるわけですからね…

ゆうさん、ご意見ありがとうございました
イラスト頑張られてくださいね",FALSE,0,1,NA
2022-10-14 20:32:50,1580884329567485952,"1580884329567485952","親ガチャ親ガチャとテレビだなんだ言われてたらこういうこと言いたくなる気持ちはすげぇわかる

いつからこんなに他人と比較するようになったんだこの国は https://t.co/ebsOHvlTlH",TRUE,0,0,NA
2022-10-14 20:32:20,1580884206229815296,"1580884206229815301","親ガチャ失敗とか言うヤツ
そんなヤツの子供も同じように
「親父ガチャ失敗や」

ってなるから子作りするなよって話。

進む少子化、負の連鎖😢",FALSE,0,2,NA
2022-10-14 20:31:21,1580883956362522624,"1580883956362522626","@pipittomomo 課金0円、親ガチャ大成功(？)",FALSE,0,0,NA
2022-10-14 20:29:12,1580883418145247232,"1580883418145247232","これに加えて、社会に出る前ぐらいからいかに信金信組自体を認知してるかも重要かも。自分なんて不動産やる前は地銀かゆうちょぐらいしか知らなかった。これも親ガチャの一種かもしれないが… https://t.co/UibL5P71qE",TRUE,0,5,NA
